"gene_id","strand","start_pos","stop_pos","line_type","position","ref_seq","alt_seq","diff"
"AT5G42580","C","17023640","17025230","L21H","17024334","GAAAAAAAAA","GAAAAAAAAAA,GAAAAAAAAAAA","-14"
"AT5G42600","W","17053560","17057980","L21H","17055782","CATATATATATATATATATATATATATAT","CATATATATATATATATATATATATAT","2"
"AT5G42700","W","17122170","17124180","L21H","17122895","C","T","0"
"AT5G42870","C","17185710","17189690","L21H","17189164","C","T","0"
"AT5G42970","C","17237470","17240650","L21H","17239425","G","T","0"
"AT5G43130","C","17315600","17321150","L21H","17319226","T","C","0"
"AT5G43320","C","17386040","17388950","L21H","17386256","G","T","0"
"AT5G43400","C","17426180","17428150","L21H","17427144","C","A","0"
"AT5G43530","W","17489320","17494840","L21H","17491870","C","T","0"
"AT5G43620","W","17522650","17523890","L21H","17522864","C","A","0"
"AT5G43760","W","17585900","17588490","L21H","17588225","G","T","0"
"AT5G43770","W","17588800","17589380","L21H","17589254","C","T","0"
"AT5G43900","C","17657240","17667420","L21H","17665023","C","T","0"
"AT5G44090","C","17743260","17747600","L21H","17743602","C","A","0"
"AT5G44100","C","17749450","17752290","L21H","17752172","C","A","0"
"AT5G44200","C","17802060","17803880","L21H","17802085","C","T","0"
"AT5G44280","C","17836110","17839120","L21H","17838401","C","T","0"
"AT5G44290","C","17840750","17843200","L21H","17842824","C","T","0"
"AT5G44310","C","17847990","17849440","L21H","17848508","A","T","0"
"AT5G44563","W","17949380","17950040","L21H","17949706","GATATATATATATATATATATATATATA","GATATATATATATATATATATATATA","2"
"AT5G44640","W","18011140","18012670","L21H","18012564","C","T","0"
"AT5G44650","W","18013390","18015300","L21H","18014013","G","A","0"
"AT5G44710","W","18041620","18042330","L21H","18042169","G","A","0"
"AT5G44785","C","18070870","18073020","L21H","18072558","C","T","0"
"AT5G44800","C","18083650","18092170","L21H","18088881","G","C","0"
"AT5G44860","C","18110680","18111660","L21H","18111023","C","T","0"
"AT5G44925","C","18142270","18146640","L21H","18144249","C","A","0"
"AT5G44930","C","18140620","18142150","L21H","18141625","C","T","0"
"AT5G44940","W","18149360","18150900","L21H","18150283","C","T","0"
"AT5G45085","C","18197690","18201530","L21H","18200037","A","T","0"
"AT5G45140","C","18247410","18257720","L21H","18249138","C","T","0"
"AT5G45150","W","18260440","18264350","L21H","18263012","C","A","0"
"AT5G45180","C","18274170","18276590","L21H","18276019","G","A","0"
"AT5G45260","W","18326270","18332230","L21H","18331094","C","A","0"
"AT5G45580","C","18481090","18482650","L21H","18482445","C","A","0"
"AT5G45610","C","18496390","18499680","L21H","18499540","G","T","0"
"AT5G45950","W","18634150","18636520","L21H","18635055","CTATATATATATATATATATAT","CTATATATATATATATATATATAT","-2"
"AT5G45980","W","18648920","18650700","L21H","18650092","GTATATATATATATATATATAT","GTATATATATATATATATAT","2"
"AT5G46040","C","18671390","18673560","L21H","18672459","G","C","0"
"AT5G46050","C","18675060","18676660","L21H","18675762","G","T","0"
"AT5G46110","W","18697600","18700230","L21H","18698470","AAATAATAATAATAATAAT","AAATAATAATAATAAT","3"
"AT5G46190","C","18723430","18725840","L21H","18725607","C","T","0"
"AT5G46310","W","18785670","18786960","L21H","18786752","C","T","0"
"AT5G46470","W","18842700","18846810","L21H","18845440","C","A","0"
"AT5G46645","C","18927450","18929500","L21H","18928216","C","A","0"
"AT5G46740","C","18965410","18967700","L21H","18966785","C","A","0"
"AT5G46760","W","18974230","18976010","L21H","18975267","G","T","0"
"AT5TE6155","C","17043950","17044780","L21H","17044044","TTATATATATATATATATATATATATATATATATATAT","TTATATATATATATATATATATATATATATATATATATAT","-2"
"AT5TE6157","W","17051950","17052800","L21H","17052655","GTATATATATATATATATATATAT","GTATATATATATATATATATAT","2"
"AT5TE6170","W","17083710","17084110","L21H","17083896","GATATATATATATATATA","GATATATATATATATA","2"
"AT5TE6215","W","17203150","17203770","L21H","17203481","C","T","0"
"AT5TE6244","C","17275170","17276560","L21H","17276327","AATATATATATATATATATATATATATATATA","AATATATATATATATATATATATATATATATATA","-2"
"AT5TE6274","C","17364180","17371760","L21H","17364319","TT","TTAT","-2"
"AT5TE6312","C","17473450","17474030","L21H","17473675","GTATATATATATATATATATATATATA","GTATATATATATATATATATATATATATA","-2"
"AT5TE6350","W","17564910","17565750","L21H","17565179","GATATATATATATATATATATAT","GATATATATATATATATATAT","2"
"AT5TE6456","W","17885160","17886070","L21H","17885651","C","T","0"
"AT5TE6473","C","17936780","17937100","L21H","17936817","GAAAAAAAA","GAAAAAAAAA,GAAAAAAAAAA","-13"
"AT5TE6537","C","18142150","18146900","L21H","18144249","C","A","0"
"AT5TE6553","W","18190760","18191560","L21H","18190850","CATATATATATATATATATATATAT","CATATATATATATATATATATAT","2"
"AT5TE6554","C","18193410","18202060","L21H","18200037","A","T","0"
"AT5TE6555","C","18205950","18206420","L21H","18206065","TTATATATATATATATATATATATATATATATATATATATAT","TTATATATATATATATATATATATATATATATATATATAT","2"
"AT5TE6556","C","18209480","18211570","L21H","18209784","AATATATATATATATATATAT","AATATATATATATATATAT","2"
"AT5TE6598","C","18331000","18331280","L21H","18331094","C","A","0"
"AT5TE6676","W","18549790","18550280","L21H","18550240","A","T","0"
"AT5TE6714","C","18649880","18650370","L21H","18650092","GTATATATATATATATATATAT","GTATATATATATATATATAT","2"
"AT5TE6720","C","18666050","18666960","L21H","18666277","GATATATATATATATATATATA","GATATATATATATATATATA","2"
"AT5TE6813","C","18928060","18929480","L21H","18928216","C","A","0"
"AT5TE6814","C","18933090","18938950","L21H","18935036","C","T","0"
"AT5TE6821","C","18955660","18956840","L21H","18956774","C","A","0"
"AT5TE6827","W","18980400","18981280","L21H","18981067","A","T","0"
"AT5TE6828","C","18981280","18981490","L21H","18981463","G","A","0"