"position","gene_id","strand","line_type","ref_seq","alt_seq","diff"
"17024334","AT5G42580","C","L21H","GAAAAAAAAA","GAAAAAAAAAA,GAAAAAAAAAAA","-14"
"17044044","AT5TE6155","C","L21H","TTATATATATATATATATATATATATATATATATATAT","TTATATATATATATATATATATATATATATATATATATAT","-2"
"17052655","AT5TE6157","W","L21H","GTATATATATATATATATATATAT","GTATATATATATATATATATAT","2"
"17055782","AT5G42600","W","L21H","CATATATATATATATATATATATATATAT","CATATATATATATATATATATATATAT","2"
"17083896","AT5TE6170","W","L21H","GATATATATATATATATA","GATATATATATATATA","2"
"17122895","AT5G42700","W","L21H","C","T","0"
"17189164","AT5G42870","C","L21H","C","T","0"
"17203481","AT5TE6215","W","L21H","C","T","0"
"17239425","AT5G42970","C","L21H","G","T","0"
"17276327","AT5TE6244","C","L21H","AATATATATATATATATATATATATATATATA","AATATATATATATATATATATATATATATATATA","-2"
"17276006","AT5TE6244","C","L21H","G","A","0"
"17319226","AT5G43130","C","L21H","T","C","0"
"17364319","AT5TE6274","C","L21H","TT","TTAT","-2"
"17364316","AT5TE6274","C","L21H","ATTTTTTTTTTTT","ATTTTTTTTTTTTTT,ATTTTTTTTTTTTTTT,ATTTTTTTTTTTTT","-34"
"17386256","AT5G43320","C","L21H","G","T","0"
"17427144","AT5G43400","C","L21H","C","A","0"
"17473675","AT5TE6312","C","L21H","GTATATATATATATATATATATATATA","GTATATATATATATATATATATATATATA","-2"
"17491870","AT5G43530","W","L21H","C","T","0"
"17522864","AT5G43620","W","L21H","C","A","0"
"17565179","AT5TE6350","W","L21H","GATATATATATATATATATATAT","GATATATATATATATATATAT","2"
"17588225","AT5G43760","W","L21H","G","T","0"
"17589254","AT5G43770","W","L21H","C","T","0"
"17665023","AT5G43900","C","L21H","C","T","0"
"17743602","AT5G44090","C","L21H","C","A","0"
"17752172","AT5G44100","C","L21H","C","A","0"
"17802085","AT5G44200","C","L21H","C","T","0"
"17838401","AT5G44280","C","L21H","C","T","0"
"17842824","AT5G44290","C","L21H","C","T","0"
"17841034","AT5G44290","C","L21H","A","T","0"
"17848508","AT5G44310","C","L21H","A","T","0"
"17848475","AT5G44310","C","L21H","A","G","0"
"17848472","AT5G44310","C","L21H","T","C","0"
"17848469","AT5G44310","C","L21H","G","A","0"
"17848463","AT5G44310","C","L21H","G","A","0"
"17848451","AT5G44310","C","L21H","T","C","0"
"17848385","AT5G44310","C","L21H","T","C","0"
"17848373","AT5G44310","C","L21H","A","G","0"
"17848352","AT5G44310","C","L21H","C","T","0"
"17848351","AT5G44310","C","L21H","T","C","0"
"17848347","AT5G44310","C","L21H","T","A","0"
"17848339","AT5G44310","C","L21H","G","C","0"
"17848334","AT5G44310","C","L21H","T","A","0"
"17848331","AT5G44310","C","L21H","T","C","0"
"17848328","AT5G44310","C","L21H","A","C","0"
"17848271","AT5G44310","C","L21H","T","C","0"
"17848268","AT5G44310","C","L21H","T","G","0"
"17885651","AT5TE6456","W","L21H","C","T","0"
"17936817","AT5TE6473","C","L21H","GAAAAAAAA","GAAAAAAAAA,GAAAAAAAAAA","-13"
"17949706","AT5G44563","W","L21H","GATATATATATATATATATATATATATA","GATATATATATATATATATATATATA","2"
"18012564","AT5G44640","W","L21H","C","T","0"
"18014013","AT5G44650","W","L21H","G","A","0"
"18042169","AT5G44710","W","L21H","G","A","0"
"18072558","AT5G44785","C","L21H","C","T","0"
"18088881","AT5G44800","C","L21H","G","C","0"
"18088633","AT5G44800","C","L21H","G","T","0"
"18111023","AT5G44860","C","L21H","C","T","0"
"18141625","AT5G44930","C","L21H","C","T","0"
"18144249","AT5TE6537","C","L21H","C","A","0"
"18142336","AT5TE6537","C","L21H","G","T","0"
"18144249","AT5G44925","C","L21H","C","A","0"
"18142336","AT5G44925","C","L21H","G","T","0"
"18150283","AT5G44940","W","L21H","C","T","0"
"18190850","AT5TE6553","W","L21H","CATATATATATATATATATATATAT","CATATATATATATATATATATAT","2"
"18200037","AT5TE6554","C","L21H","A","T","0"
"18197188","AT5TE6554","C","L21H","A","C","0"
"18194029","AT5TE6554","C","L21H","A","G","0"
"18193963","AT5TE6554","C","L21H","A","T","0"
"18193925","AT5TE6554","C","L21H","G","A","0"
"18193894","AT5TE6554","C","L21H","C","T","0"
"18193861","AT5TE6554","C","L21H","C","T","0"
"18193844","AT5TE6554","C","L21H","T","C","0"
"18200037","AT5G45085","C","L21H","A","T","0"
"18206065","AT5TE6555","C","L21H","TTATATATATATATATATATATATATATATATATATATATAT","TTATATATATATATATATATATATATATATATATATATAT","2"
"18209784","AT5TE6556","C","L21H","AATATATATATATATATATAT","AATATATATATATATATAT","2"
"18249138","AT5G45140","C","L21H","C","T","0"
"18263012","AT5G45150","W","L21H","C","A","0"
"18276019","AT5G45180","C","L21H","G","A","0"
"18331094","AT5G45260","W","L21H","C","A","0"
"18331094","AT5TE6598","C","L21H","C","A","0"
"18482445","AT5G45580","C","L21H","C","A","0"
"18499540","AT5G45610","C","L21H","G","T","0"
"18550240","AT5TE6676","W","L21H","A","T","0"
"18550223","AT5TE6676","W","L21H","A","C","0"
"18550222","AT5TE6676","W","L21H","A","C","0"
"18635055","AT5G45950","W","L21H","CTATATATATATATATATATAT","CTATATATATATATATATATATAT","-2"
"18650092","AT5G45980","W","L21H","GTATATATATATATATATATAT","GTATATATATATATATATAT","2"
"18650092","AT5TE6714","C","L21H","GTATATATATATATATATATAT","GTATATATATATATATATAT","2"
"18666277","AT5TE6720","C","L21H","GATATATATATATATATATATA","GATATATATATATATATATA","2"
"18672459","AT5G46040","C","L21H","G","C","0"
"18675762","AT5G46050","C","L21H","G","T","0"
"18677877","AT5G46050","C","L21H","CATATATATATATATATATATA","CATATATATATATATATATATATA","-2"
"18698470","AT5G46110","W","L21H","AAATAATAATAATAATAAT","AAATAATAATAATAAT","3"
"18725607","AT5G46190","C","L21H","C","T","0"
"18786752","AT5G46310","W","L21H","C","T","0"
"18845440","AT5G46470","W","L21H","C","A","0"
"18928216","AT5G46645","C","L21H","C","A","0"
"18928216","AT5TE6813","C","L21H","C","A","0"
"18935036","AT5TE6814","C","L21H","C","T","0"
"18934893","AT5TE6814","C","L21H","C","T","0"
"18934881","AT5TE6814","C","L21H","T","C","0"
"18956774","AT5TE6821","C","L21H","C","A","0"
"18966785","AT5G46740","C","L21H","C","A","0"
"18975267","AT5G46760","W","L21H","G","T","0"
"18981067","AT5TE6827","W","L21H","A","T","0"
"18980947","AT5TE6827","W","L21H","G","A","0"
"18980939","AT5TE6827","W","L21H","G","A","0"
"18980854","AT5TE6827","W","L21H","G","T","0"
"18980824","AT5TE6827","W","L21H","G","A","0"
"18980637","AT5TE6827","W","L21H","G","A","0"
"18981463","AT5TE6828","C","L21H","G","A","0"